id,zero_intelligence_count,zero_intelligence_intensity,zero_intelligence_shading_min,zero_intelligence_shading_max,market_maker_count,market_maker_intensity,market_maker_number_orders,market_maker_number_of_ticks_between_orders,market_maker_spread_around_asset,national_best_bid_and_offer_delay,session_length
1,25,0.0005,0,250,2,0.005,3,25,128,0,1000
2,66,0.0005,0,250,2,0.005,3,25,128,0,1000
3,25,0.001,0,250,2,0.005,3,25,128,0,1000
4,66,0.001,0,250,2,0.005,3,25,128,0,1000
5,25,0.0005,0,500,2,0.005,3,25,128,0,1000
6,66,0.0005,0,500,2,0.005,3,25,128,0,1000
7,25,0.001,0,500,2,0.005,3,25,128,0,1000
8,66,0.001,0,500,2,0.005,3,25,128,0,1000
9,25,0.0005,0,250,4,0.005,3,25,128,0,1000
10,66,0.0005,0,250,4,0.005,3,25,128,0,1000
11,25,0.001,0,250,4,0.005,3,25,128,0,1000
12,66,0.001,0,250,4,0.005,3,25,128,0,1000
13,25,0.0005,0,500,4,0.005,3,25,128,0,1000
14,66,0.0005,0,500,4,0.005,3,25,128,0,1000
15,25,0.001,0,500,4,0.005,3,25,128,0,1000
16,66,0.001,0,500,4,0.005,3,25,128,0,1000
17,25,0.0005,0,250,2,0.005,3,50,128,0,1000
18,66,0.0005,0,250,2,0.005,3,50,128,0,1000
19,25,0.001,0,250,2,0.005,3,50,128,0,1000
20,66,0.001,0,250,2,0.005,3,50,128,0,1000
21,25,0.0005,0,500,2,0.005,3,50,128,0,1000
22,66,0.0005,0,500,2,0.005,3,50,128,0,1000
23,25,0.001,0,500,2,0.005,3,50,128,0,1000
24,66,0.001,0,500,2,0.005,3,50,128,0,1000
25,25,0.0005,0,250,4,0.005,3,50,128,0,1000
26,66,0.0005,0,250,4,0.005,3,50,128,0,1000
27,25,0.001,0,250,4,0.005,3,50,128,0,1000
28,66,0.001,0,250,4,0.005,3,50,128,0,1000
29,25,0.0005,0,500,4,0.005,3,50,128,0,1000
30,66,0.0005,0,500,4,0.005,3,50,128,0,1000
31,25,0.001,0,500,4,0.005,3,50,128,0,1000
32,66,0.001,0,500,4,0.005,3,50,128,0,1000
33,25,0.0005,0,250,2,0.005,3,25,256,0,1000
34,66,0.0005,0,250,2,0.005,3,25,256,0,1000
35,25,0.001,0,250,2,0.005,3,25,256,0,1000
36,66,0.001,0,250,2,0.005,3,25,256,0,1000
37,25,0.0005,0,500,2,0.005,3,25,256,0,1000
38,66,0.0005,0,500,2,0.005,3,25,256,0,1000
39,25,0.001,0,500,2,0.005,3,25,256,0,1000
40,66,0.001,0,500,2,0.005,3,25,256,0,1000
41,25,0.0005,0,250,4,0.005,3,25,256,0,1000
42,66,0.0005,0,250,4,0.005,3,25,256,0,1000
43,25,0.001,0,250,4,0.005,3,25,256,0,1000
44,66,0.001,0,250,4,0.005,3,25,256,0,1000
45,25,0.0005,0,500,4,0.005,3,25,256,0,1000
46,66,0.0005,0,500,4,0.005,3,25,256,0,1000
47,25,0.001,0,500,4,0.005,3,25,256,0,1000
48,66,0.001,0,500,4,0.005,3,25,256,0,1000
49,25,0.0005,0,250,2,0.005,3,50,256,0,1000
50,66,0.0005,0,250,2,0.005,3,50,256,0,1000
51,25,0.001,0,250,2,0.005,3,50,256,0,1000
52,66,0.001,0,250,2,0.005,3,50,256,0,1000
53,25,0.0005,0,500,2,0.005,3,50,256,0,1000
54,66,0.0005,0,500,2,0.005,3,50,256,0,1000
55,25,0.001,0,500,2,0.005,3,50,256,0,1000
56,66,0.001,0,500,2,0.005,3,50,256,0,1000
57,25,0.0005,0,250,4,0.005,3,50,256,0,1000
58,66,0.0005,0,250,4,0.005,3,50,256,0,1000
59,25,0.001,0,250,4,0.005,3,50,256,0,1000
60,66,0.001,0,250,4,0.005,3,50,256,0,1000
61,25,0.0005,0,500,4,0.005,3,50,256,0,1000
62,66,0.0005,0,500,4,0.005,3,50,256,0,1000
63,25,0.001,0,500,4,0.005,3,50,256,0,1000
64,66,0.001,0,500,4,0.005,3,50,256,0,1000
65,25,0.0005,0,250,2,0.005,3,25,128,500,1000
66,66,0.0005,0,250,2,0.005,3,25,128,500,1000
67,25,0.001,0,250,2,0.005,3,25,128,500,1000
68,66,0.001,0,250,2,0.005,3,25,128,500,1000
69,25,0.0005,0,500,2,0.005,3,25,128,500,1000
70,66,0.0005,0,500,2,0.005,3,25,128,500,1000
71,25,0.001,0,500,2,0.005,3,25,128,500,1000
72,66,0.001,0,500,2,0.005,3,25,128,500,1000
73,25,0.0005,0,250,4,0.005,3,25,128,500,1000
74,66,0.0005,0,250,4,0.005,3,25,128,500,1000
75,25,0.001,0,250,4,0.005,3,25,128,500,1000
76,66,0.001,0,250,4,0.005,3,25,128,500,1000
77,25,0.0005,0,500,4,0.005,3,25,128,500,1000
78,66,0.0005,0,500,4,0.005,3,25,128,500,1000
79,25,0.001,0,500,4,0.005,3,25,128,500,1000
80,66,0.001,0,500,4,0.005,3,25,128,500,1000
81,25,0.0005,0,250,2,0.005,3,50,128,500,1000
82,66,0.0005,0,250,2,0.005,3,50,128,500,1000
83,25,0.001,0,250,2,0.005,3,50,128,500,1000
84,66,0.001,0,250,2,0.005,3,50,128,500,1000
85,25,0.0005,0,500,2,0.005,3,50,128,500,1000
86,66,0.0005,0,500,2,0.005,3,50,128,500,1000
87,25,0.001,0,500,2,0.005,3,50,128,500,1000
88,66,0.001,0,500,2,0.005,3,50,128,500,1000
89,25,0.0005,0,250,4,0.005,3,50,128,500,1000
90,66,0.0005,0,250,4,0.005,3,50,128,500,1000
91,25,0.001,0,250,4,0.005,3,50,128,500,1000
92,66,0.001,0,250,4,0.005,3,50,128,500,1000
93,25,0.0005,0,500,4,0.005,3,50,128,500,1000
94,66,0.0005,0,500,4,0.005,3,50,128,500,1000
95,25,0.001,0,500,4,0.005,3,50,128,500,1000
96,66,0.001,0,500,4,0.005,3,50,128,500,1000
97,25,0.0005,0,250,2,0.005,3,25,256,500,1000
98,66,0.0005,0,250,2,0.005,3,25,256,500,1000
99,25,0.001,0,250,2,0.005,3,25,256,500,1000
100,66,0.001,0,250,2,0.005,3,25,256,500,1000
101,25,0.0005,0,500,2,0.005,3,25,256,500,1000
102,66,0.0005,0,500,2,0.005,3,25,256,500,1000
103,25,0.001,0,500,2,0.005,3,25,256,500,1000
104,66,0.001,0,500,2,0.005,3,25,256,500,1000
105,25,0.0005,0,250,4,0.005,3,25,256,500,1000
106,66,0.0005,0,250,4,0.005,3,25,256,500,1000
107,25,0.001,0,250,4,0.005,3,25,256,500,1000
108,66,0.001,0,250,4,0.005,3,25,256,500,1000
109,25,0.0005,0,500,4,0.005,3,25,256,500,1000
110,66,0.0005,0,500,4,0.005,3,25,256,500,1000
111,25,0.001,0,500,4,0.005,3,25,256,500,1000
112,66,0.001,0,500,4,0.005,3,25,256,500,1000
113,25,0.0005,0,250,2,0.005,3,50,256,500,1000
114,66,0.0005,0,250,2,0.005,3,50,256,500,1000
115,25,0.001,0,250,2,0.005,3,50,256,500,1000
116,66,0.001,0,250,2,0.005,3,50,256,500,1000
117,25,0.0005,0,500,2,0.005,3,50,256,500,1000
118,66,0.0005,0,500,2,0.005,3,50,256,500,1000
119,25,0.001,0,500,2,0.005,3,50,256,500,1000
120,66,0.001,0,500,2,0.005,3,50,256,500,1000
121,25,0.0005,0,250,4,0.005,3,50,256,500,1000
122,66,0.0005,0,250,4,0.005,3,50,256,500,1000
123,25,0.001,0,250,4,0.005,3,50,256,500,1000
124,66,0.001,0,250,4,0.005,3,50,256,500,1000
125,25,0.0005,0,500,4,0.005,3,50,256,500,1000
126,66,0.0005,0,500,4,0.005,3,50,256,500,1000
127,25,0.001,0,500,4,0.005,3,50,256,500,1000
128,66,0.001,0,500,4,0.005,3,50,256,500,1000
129,25,0.0005,0,250,2,0.005,3,25,128,1000,1000
130,66,0.0005,0,250,2,0.005,3,25,128,1000,1000
131,25,0.001,0,250,2,0.005,3,25,128,1000,1000
132,66,0.001,0,250,2,0.005,3,25,128,1000,1000
133,25,0.0005,0,500,2,0.005,3,25,128,1000,1000
134,66,0.0005,0,500,2,0.005,3,25,128,1000,1000
135,25,0.001,0,500,2,0.005,3,25,128,1000,1000
136,66,0.001,0,500,2,0.005,3,25,128,1000,1000
137,25,0.0005,0,250,4,0.005,3,25,128,1000,1000
138,66,0.0005,0,250,4,0.005,3,25,128,1000,1000
139,25,0.001,0,250,4,0.005,3,25,128,1000,1000
140,66,0.001,0,250,4,0.005,3,25,128,1000,1000
141,25,0.0005,0,500,4,0.005,3,25,128,1000,1000
142,66,0.0005,0,500,4,0.005,3,25,128,1000,1000
143,25,0.001,0,500,4,0.005,3,25,128,1000,1000
144,66,0.001,0,500,4,0.005,3,25,128,1000,1000
145,25,0.0005,0,250,2,0.005,3,50,128,1000,1000
146,66,0.0005,0,250,2,0.005,3,50,128,1000,1000
147,25,0.001,0,250,2,0.005,3,50,128,1000,1000
148,66,0.001,0,250,2,0.005,3,50,128,1000,1000
149,25,0.0005,0,500,2,0.005,3,50,128,1000,1000
150,66,0.0005,0,500,2,0.005,3,50,128,1000,1000
151,25,0.001,0,500,2,0.005,3,50,128,1000,1000
152,66,0.001,0,500,2,0.005,3,50,128,1000,1000
153,25,0.0005,0,250,4,0.005,3,50,128,1000,1000
154,66,0.0005,0,250,4,0.005,3,50,128,1000,1000
155,25,0.001,0,250,4,0.005,3,50,128,1000,1000
156,66,0.001,0,250,4,0.005,3,50,128,1000,1000
157,25,0.0005,0,500,4,0.005,3,50,128,1000,1000
158,66,0.0005,0,500,4,0.005,3,50,128,1000,1000
159,25,0.001,0,500,4,0.005,3,50,128,1000,1000
160,66,0.001,0,500,4,0.005,3,50,128,1000,1000
161,25,0.0005,0,250,2,0.005,3,25,256,1000,1000
162,66,0.0005,0,250,2,0.005,3,25,256,1000,1000
163,25,0.001,0,250,2,0.005,3,25,256,1000,1000
164,66,0.001,0,250,2,0.005,3,25,256,1000,1000
165,25,0.0005,0,500,2,0.005,3,25,256,1000,1000
166,66,0.0005,0,500,2,0.005,3,25,256,1000,1000
167,25,0.001,0,500,2,0.005,3,25,256,1000,1000
168,66,0.001,0,500,2,0.005,3,25,256,1000,1000
169,25,0.0005,0,250,4,0.005,3,25,256,1000,1000
170,66,0.0005,0,250,4,0.005,3,25,256,1000,1000
171,25,0.001,0,250,4,0.005,3,25,256,1000,1000
172,66,0.001,0,250,4,0.005,3,25,256,1000,1000
173,25,0.0005,0,500,4,0.005,3,25,256,1000,1000
174,66,0.0005,0,500,4,0.005,3,25,256,1000,1000
175,25,0.001,0,500,4,0.005,3,25,256,1000,1000
176,66,0.001,0,500,4,0.005,3,25,256,1000,1000
177,25,0.0005,0,250,2,0.005,3,50,256,1000,1000
178,66,0.0005,0,250,2,0.005,3,50,256,1000,1000
179,25,0.001,0,250,2,0.005,3,50,256,1000,1000
180,66,0.001,0,250,2,0.005,3,50,256,1000,1000
181,25,0.0005,0,500,2,0.005,3,50,256,1000,1000
182,66,0.0005,0,500,2,0.005,3,50,256,1000,1000
183,25,0.001,0,500,2,0.005,3,50,256,1000,1000
184,66,0.001,0,500,2,0.005,3,50,256,1000,1000
185,25,0.0005,0,250,4,0.005,3,50,256,1000,1000
186,66,0.0005,0,250,4,0.005,3,50,256,1000,1000
187,25,0.001,0,250,4,0.005,3,50,256,1000,1000
188,66,0.001,0,250,4,0.005,3,50,256,1000,1000
189,25,0.0005,0,500,4,0.005,3,50,256,1000,1000
190,66,0.0005,0,500,4,0.005,3,50,256,1000,1000
191,25,0.001,0,500,4,0.005,3,50,256,1000,1000
192,66,0.001,0,500,4,0.005,3,50,256,1000,1000
193,25,0.0005,0,250,2,0.005,3,25,128,0,4000
194,66,0.0005,0,250,2,0.005,3,25,128,0,4000
195,25,0.001,0,250,2,0.005,3,25,128,0,4000
196,66,0.001,0,250,2,0.005,3,25,128,0,4000
197,25,0.0005,0,500,2,0.005,3,25,128,0,4000
198,66,0.0005,0,500,2,0.005,3,25,128,0,4000
199,25,0.001,0,500,2,0.005,3,25,128,0,4000
200,66,0.001,0,500,2,0.005,3,25,128,0,4000
201,25,0.0005,0,250,4,0.005,3,25,128,0,4000
202,66,0.0005,0,250,4,0.005,3,25,128,0,4000
203,25,0.001,0,250,4,0.005,3,25,128,0,4000
204,66,0.001,0,250,4,0.005,3,25,128,0,4000
205,25,0.0005,0,500,4,0.005,3,25,128,0,4000
206,66,0.0005,0,500,4,0.005,3,25,128,0,4000
207,25,0.001,0,500,4,0.005,3,25,128,0,4000
208,66,0.001,0,500,4,0.005,3,25,128,0,4000
209,25,0.0005,0,250,2,0.005,3,50,128,0,4000
210,66,0.0005,0,250,2,0.005,3,50,128,0,4000
211,25,0.001,0,250,2,0.005,3,50,128,0,4000
212,66,0.001,0,250,2,0.005,3,50,128,0,4000
213,25,0.0005,0,500,2,0.005,3,50,128,0,4000
214,66,0.0005,0,500,2,0.005,3,50,128,0,4000
215,25,0.001,0,500,2,0.005,3,50,128,0,4000
216,66,0.001,0,500,2,0.005,3,50,128,0,4000
217,25,0.0005,0,250,4,0.005,3,50,128,0,4000
218,66,0.0005,0,250,4,0.005,3,50,128,0,4000
219,25,0.001,0,250,4,0.005,3,50,128,0,4000
220,66,0.001,0,250,4,0.005,3,50,128,0,4000
221,25,0.0005,0,500,4,0.005,3,50,128,0,4000
222,66,0.0005,0,500,4,0.005,3,50,128,0,4000
223,25,0.001,0,500,4,0.005,3,50,128,0,4000
224,66,0.001,0,500,4,0.005,3,50,128,0,4000
225,25,0.0005,0,250,2,0.005,3,25,256,0,4000
226,66,0.0005,0,250,2,0.005,3,25,256,0,4000
227,25,0.001,0,250,2,0.005,3,25,256,0,4000
228,66,0.001,0,250,2,0.005,3,25,256,0,4000
229,25,0.0005,0,500,2,0.005,3,25,256,0,4000
230,66,0.0005,0,500,2,0.005,3,25,256,0,4000
231,25,0.001,0,500,2,0.005,3,25,256,0,4000
232,66,0.001,0,500,2,0.005,3,25,256,0,4000
233,25,0.0005,0,250,4,0.005,3,25,256,0,4000
234,66,0.0005,0,250,4,0.005,3,25,256,0,4000
235,25,0.001,0,250,4,0.005,3,25,256,0,4000
236,66,0.001,0,250,4,0.005,3,25,256,0,4000
237,25,0.0005,0,500,4,0.005,3,25,256,0,4000
238,66,0.0005,0,500,4,0.005,3,25,256,0,4000
239,25,0.001,0,500,4,0.005,3,25,256,0,4000
240,66,0.001,0,500,4,0.005,3,25,256,0,4000
241,25,0.0005,0,250,2,0.005,3,50,256,0,4000
242,66,0.0005,0,250,2,0.005,3,50,256,0,4000
243,25,0.001,0,250,2,0.005,3,50,256,0,4000
244,66,0.001,0,250,2,0.005,3,50,256,0,4000
245,25,0.0005,0,500,2,0.005,3,50,256,0,4000
246,66,0.0005,0,500,2,0.005,3,50,256,0,4000
247,25,0.001,0,500,2,0.005,3,50,256,0,4000
248,66,0.001,0,500,2,0.005,3,50,256,0,4000
249,25,0.0005,0,250,4,0.005,3,50,256,0,4000
250,66,0.0005,0,250,4,0.005,3,50,256,0,4000
251,25,0.001,0,250,4,0.005,3,50,256,0,4000
252,66,0.001,0,250,4,0.005,3,50,256,0,4000
253,25,0.0005,0,500,4,0.005,3,50,256,0,4000
254,66,0.0005,0,500,4,0.005,3,50,256,0,4000
255,25,0.001,0,500,4,0.005,3,50,256,0,4000
256,66,0.001,0,500,4,0.005,3,50,256,0,4000
257,25,0.0005,0,250,2,0.005,3,25,128,500,4000
258,66,0.0005,0,250,2,0.005,3,25,128,500,4000
259,25,0.001,0,250,2,0.005,3,25,128,500,4000
260,66,0.001,0,250,2,0.005,3,25,128,500,4000
261,25,0.0005,0,500,2,0.005,3,25,128,500,4000
262,66,0.0005,0,500,2,0.005,3,25,128,500,4000
263,25,0.001,0,500,2,0.005,3,25,128,500,4000
264,66,0.001,0,500,2,0.005,3,25,128,500,4000
265,25,0.0005,0,250,4,0.005,3,25,128,500,4000
266,66,0.0005,0,250,4,0.005,3,25,128,500,4000
267,25,0.001,0,250,4,0.005,3,25,128,500,4000
268,66,0.001,0,250,4,0.005,3,25,128,500,4000
269,25,0.0005,0,500,4,0.005,3,25,128,500,4000
270,66,0.0005,0,500,4,0.005,3,25,128,500,4000
271,25,0.001,0,500,4,0.005,3,25,128,500,4000
272,66,0.001,0,500,4,0.005,3,25,128,500,4000
273,25,0.0005,0,250,2,0.005,3,50,128,500,4000
274,66,0.0005,0,250,2,0.005,3,50,128,500,4000
275,25,0.001,0,250,2,0.005,3,50,128,500,4000
276,66,0.001,0,250,2,0.005,3,50,128,500,4000
277,25,0.0005,0,500,2,0.005,3,50,128,500,4000
278,66,0.0005,0,500,2,0.005,3,50,128,500,4000
279,25,0.001,0,500,2,0.005,3,50,128,500,4000
280,66,0.001,0,500,2,0.005,3,50,128,500,4000
281,25,0.0005,0,250,4,0.005,3,50,128,500,4000
282,66,0.0005,0,250,4,0.005,3,50,128,500,4000
283,25,0.001,0,250,4,0.005,3,50,128,500,4000
284,66,0.001,0,250,4,0.005,3,50,128,500,4000
285,25,0.0005,0,500,4,0.005,3,50,128,500,4000
286,66,0.0005,0,500,4,0.005,3,50,128,500,4000
287,25,0.001,0,500,4,0.005,3,50,128,500,4000
288,66,0.001,0,500,4,0.005,3,50,128,500,4000
289,25,0.0005,0,250,2,0.005,3,25,256,500,4000
290,66,0.0005,0,250,2,0.005,3,25,256,500,4000
291,25,0.001,0,250,2,0.005,3,25,256,500,4000
292,66,0.001,0,250,2,0.005,3,25,256,500,4000
293,25,0.0005,0,500,2,0.005,3,25,256,500,4000
294,66,0.0005,0,500,2,0.005,3,25,256,500,4000
295,25,0.001,0,500,2,0.005,3,25,256,500,4000
296,66,0.001,0,500,2,0.005,3,25,256,500,4000
297,25,0.0005,0,250,4,0.005,3,25,256,500,4000
298,66,0.0005,0,250,4,0.005,3,25,256,500,4000
299,25,0.001,0,250,4,0.005,3,25,256,500,4000
300,66,0.001,0,250,4,0.005,3,25,256,500,4000
301,25,0.0005,0,500,4,0.005,3,25,256,500,4000
302,66,0.0005,0,500,4,0.005,3,25,256,500,4000
303,25,0.001,0,500,4,0.005,3,25,256,500,4000
304,66,0.001,0,500,4,0.005,3,25,256,500,4000
305,25,0.0005,0,250,2,0.005,3,50,256,500,4000
306,66,0.0005,0,250,2,0.005,3,50,256,500,4000
307,25,0.001,0,250,2,0.005,3,50,256,500,4000
308,66,0.001,0,250,2,0.005,3,50,256,500,4000
309,25,0.0005,0,500,2,0.005,3,50,256,500,4000
310,66,0.0005,0,500,2,0.005,3,50,256,500,4000
311,25,0.001,0,500,2,0.005,3,50,256,500,4000
312,66,0.001,0,500,2,0.005,3,50,256,500,4000
313,25,0.0005,0,250,4,0.005,3,50,256,500,4000
314,66,0.0005,0,250,4,0.005,3,50,256,500,4000
315,25,0.001,0,250,4,0.005,3,50,256,500,4000
316,66,0.001,0,250,4,0.005,3,50,256,500,4000
317,25,0.0005,0,500,4,0.005,3,50,256,500,4000
318,66,0.0005,0,500,4,0.005,3,50,256,500,4000
319,25,0.001,0,500,4,0.005,3,50,256,500,4000
320,66,0.001,0,500,4,0.005,3,50,256,500,4000
321,25,0.0005,0,250,2,0.005,3,25,128,1000,4000
322,66,0.0005,0,250,2,0.005,3,25,128,1000,4000
323,25,0.001,0,250,2,0.005,3,25,128,1000,4000
324,66,0.001,0,250,2,0.005,3,25,128,1000,4000
325,25,0.0005,0,500,2,0.005,3,25,128,1000,4000
326,66,0.0005,0,500,2,0.005,3,25,128,1000,4000
327,25,0.001,0,500,2,0.005,3,25,128,1000,4000
328,66,0.001,0,500,2,0.005,3,25,128,1000,4000
329,25,0.0005,0,250,4,0.005,3,25,128,1000,4000
330,66,0.0005,0,250,4,0.005,3,25,128,1000,4000
331,25,0.001,0,250,4,0.005,3,25,128,1000,4000
332,66,0.001,0,250,4,0.005,3,25,128,1000,4000
333,25,0.0005,0,500,4,0.005,3,25,128,1000,4000
334,66,0.0005,0,500,4,0.005,3,25,128,1000,4000
335,25,0.001,0,500,4,0.005,3,25,128,1000,4000
336,66,0.001,0,500,4,0.005,3,25,128,1000,4000
337,25,0.0005,0,250,2,0.005,3,50,128,1000,4000
338,66,0.0005,0,250,2,0.005,3,50,128,1000,4000
339,25,0.001,0,250,2,0.005,3,50,128,1000,4000
340,66,0.001,0,250,2,0.005,3,50,128,1000,4000
341,25,0.0005,0,500,2,0.005,3,50,128,1000,4000
342,66,0.0005,0,500,2,0.005,3,50,128,1000,4000
343,25,0.001,0,500,2,0.005,3,50,128,1000,4000
344,66,0.001,0,500,2,0.005,3,50,128,1000,4000
345,25,0.0005,0,250,4,0.005,3,50,128,1000,4000
346,66,0.0005,0,250,4,0.005,3,50,128,1000,4000
347,25,0.001,0,250,4,0.005,3,50,128,1000,4000
348,66,0.001,0,250,4,0.005,3,50,128,1000,4000
349,25,0.0005,0,500,4,0.005,3,50,128,1000,4000
350,66,0.0005,0,500,4,0.005,3,50,128,1000,4000
351,25,0.001,0,500,4,0.005,3,50,128,1000,4000
352,66,0.001,0,500,4,0.005,3,50,128,1000,4000
353,25,0.0005,0,250,2,0.005,3,25,256,1000,4000
354,66,0.0005,0,250,2,0.005,3,25,256,1000,4000
355,25,0.001,0,250,2,0.005,3,25,256,1000,4000
356,66,0.001,0,250,2,0.005,3,25,256,1000,4000
357,25,0.0005,0,500,2,0.005,3,25,256,1000,4000
358,66,0.0005,0,500,2,0.005,3,25,256,1000,4000
359,25,0.001,0,500,2,0.005,3,25,256,1000,4000
360,66,0.001,0,500,2,0.005,3,25,256,1000,4000
361,25,0.0005,0,250,4,0.005,3,25,256,1000,4000
362,66,0.0005,0,250,4,0.005,3,25,256,1000,4000
363,25,0.001,0,250,4,0.005,3,25,256,1000,4000
364,66,0.001,0,250,4,0.005,3,25,256,1000,4000
365,25,0.0005,0,500,4,0.005,3,25,256,1000,4000
366,66,0.0005,0,500,4,0.005,3,25,256,1000,4000
367,25,0.001,0,500,4,0.005,3,25,256,1000,4000
368,66,0.001,0,500,4,0.005,3,25,256,1000,4000
369,25,0.0005,0,250,2,0.005,3,50,256,1000,4000
370,66,0.0005,0,250,2,0.005,3,50,256,1000,4000
371,25,0.001,0,250,2,0.005,3,50,256,1000,4000
372,66,0.001,0,250,2,0.005,3,50,256,1000,4000
373,25,0.0005,0,500,2,0.005,3,50,256,1000,4000
374,66,0.0005,0,500,2,0.005,3,50,256,1000,4000
375,25,0.001,0,500,2,0.005,3,50,256,1000,4000
376,66,0.001,0,500,2,0.005,3,50,256,1000,4000
377,25,0.0005,0,250,4,0.005,3,50,256,1000,4000
378,66,0.0005,0,250,4,0.005,3,50,256,1000,4000
379,25,0.001,0,250,4,0.005,3,50,256,1000,4000
380,66,0.001,0,250,4,0.005,3,50,256,1000,4000
381,25,0.0005,0,500,4,0.005,3,50,256,1000,4000
382,66,0.0005,0,500,4,0.005,3,50,256,1000,4000
383,25,0.001,0,500,4,0.005,3,50,256,1000,4000
384,66,0.001,0,500,4,0.005,3,50,256,1000,4000
385,25,0.0005,0,250,2,0.005,3,25,128,0,12000
386,66,0.0005,0,250,2,0.005,3,25,128,0,12000
387,25,0.001,0,250,2,0.005,3,25,128,0,12000
388,66,0.001,0,250,2,0.005,3,25,128,0,12000
389,25,0.0005,0,500,2,0.005,3,25,128,0,12000
390,66,0.0005,0,500,2,0.005,3,25,128,0,12000
391,25,0.001,0,500,2,0.005,3,25,128,0,12000
392,66,0.001,0,500,2,0.005,3,25,128,0,12000
393,25,0.0005,0,250,4,0.005,3,25,128,0,12000
394,66,0.0005,0,250,4,0.005,3,25,128,0,12000
395,25,0.001,0,250,4,0.005,3,25,128,0,12000
396,66,0.001,0,250,4,0.005,3,25,128,0,12000
397,25,0.0005,0,500,4,0.005,3,25,128,0,12000
398,66,0.0005,0,500,4,0.005,3,25,128,0,12000
399,25,0.001,0,500,4,0.005,3,25,128,0,12000
400,66,0.001,0,500,4,0.005,3,25,128,0,12000
401,25,0.0005,0,250,2,0.005,3,50,128,0,12000
402,66,0.0005,0,250,2,0.005,3,50,128,0,12000
403,25,0.001,0,250,2,0.005,3,50,128,0,12000
404,66,0.001,0,250,2,0.005,3,50,128,0,12000
405,25,0.0005,0,500,2,0.005,3,50,128,0,12000
406,66,0.0005,0,500,2,0.005,3,50,128,0,12000
407,25,0.001,0,500,2,0.005,3,50,128,0,12000
408,66,0.001,0,500,2,0.005,3,50,128,0,12000
409,25,0.0005,0,250,4,0.005,3,50,128,0,12000
410,66,0.0005,0,250,4,0.005,3,50,128,0,12000
411,25,0.001,0,250,4,0.005,3,50,128,0,12000
412,66,0.001,0,250,4,0.005,3,50,128,0,12000
413,25,0.0005,0,500,4,0.005,3,50,128,0,12000
414,66,0.0005,0,500,4,0.005,3,50,128,0,12000
415,25,0.001,0,500,4,0.005,3,50,128,0,12000
416,66,0.001,0,500,4,0.005,3,50,128,0,12000
417,25,0.0005,0,250,2,0.005,3,25,256,0,12000
418,66,0.0005,0,250,2,0.005,3,25,256,0,12000
419,25,0.001,0,250,2,0.005,3,25,256,0,12000
420,66,0.001,0,250,2,0.005,3,25,256,0,12000
421,25,0.0005,0,500,2,0.005,3,25,256,0,12000
422,66,0.0005,0,500,2,0.005,3,25,256,0,12000
423,25,0.001,0,500,2,0.005,3,25,256,0,12000
424,66,0.001,0,500,2,0.005,3,25,256,0,12000
425,25,0.0005,0,250,4,0.005,3,25,256,0,12000
426,66,0.0005,0,250,4,0.005,3,25,256,0,12000
427,25,0.001,0,250,4,0.005,3,25,256,0,12000
428,66,0.001,0,250,4,0.005,3,25,256,0,12000
429,25,0.0005,0,500,4,0.005,3,25,256,0,12000
430,66,0.0005,0,500,4,0.005,3,25,256,0,12000
431,25,0.001,0,500,4,0.005,3,25,256,0,12000
432,66,0.001,0,500,4,0.005,3,25,256,0,12000
433,25,0.0005,0,250,2,0.005,3,50,256,0,12000
434,66,0.0005,0,250,2,0.005,3,50,256,0,12000
435,25,0.001,0,250,2,0.005,3,50,256,0,12000
436,66,0.001,0,250,2,0.005,3,50,256,0,12000
437,25,0.0005,0,500,2,0.005,3,50,256,0,12000
438,66,0.0005,0,500,2,0.005,3,50,256,0,12000
439,25,0.001,0,500,2,0.005,3,50,256,0,12000
440,66,0.001,0,500,2,0.005,3,50,256,0,12000
441,25,0.0005,0,250,4,0.005,3,50,256,0,12000
442,66,0.0005,0,250,4,0.005,3,50,256,0,12000
443,25,0.001,0,250,4,0.005,3,50,256,0,12000
444,66,0.001,0,250,4,0.005,3,50,256,0,12000
445,25,0.0005,0,500,4,0.005,3,50,256,0,12000
446,66,0.0005,0,500,4,0.005,3,50,256,0,12000
447,25,0.001,0,500,4,0.005,3,50,256,0,12000
448,66,0.001,0,500,4,0.005,3,50,256,0,12000
449,25,0.0005,0,250,2,0.005,3,25,128,500,12000
450,66,0.0005,0,250,2,0.005,3,25,128,500,12000
451,25,0.001,0,250,2,0.005,3,25,128,500,12000
452,66,0.001,0,250,2,0.005,3,25,128,500,12000
453,25,0.0005,0,500,2,0.005,3,25,128,500,12000
454,66,0.0005,0,500,2,0.005,3,25,128,500,12000
455,25,0.001,0,500,2,0.005,3,25,128,500,12000
456,66,0.001,0,500,2,0.005,3,25,128,500,12000
457,25,0.0005,0,250,4,0.005,3,25,128,500,12000
458,66,0.0005,0,250,4,0.005,3,25,128,500,12000
459,25,0.001,0,250,4,0.005,3,25,128,500,12000
460,66,0.001,0,250,4,0.005,3,25,128,500,12000
461,25,0.0005,0,500,4,0.005,3,25,128,500,12000
462,66,0.0005,0,500,4,0.005,3,25,128,500,12000
463,25,0.001,0,500,4,0.005,3,25,128,500,12000
464,66,0.001,0,500,4,0.005,3,25,128,500,12000
465,25,0.0005,0,250,2,0.005,3,50,128,500,12000
466,66,0.0005,0,250,2,0.005,3,50,128,500,12000
467,25,0.001,0,250,2,0.005,3,50,128,500,12000
468,66,0.001,0,250,2,0.005,3,50,128,500,12000
469,25,0.0005,0,500,2,0.005,3,50,128,500,12000
470,66,0.0005,0,500,2,0.005,3,50,128,500,12000
471,25,0.001,0,500,2,0.005,3,50,128,500,12000
472,66,0.001,0,500,2,0.005,3,50,128,500,12000
473,25,0.0005,0,250,4,0.005,3,50,128,500,12000
474,66,0.0005,0,250,4,0.005,3,50,128,500,12000
475,25,0.001,0,250,4,0.005,3,50,128,500,12000
476,66,0.001,0,250,4,0.005,3,50,128,500,12000
477,25,0.0005,0,500,4,0.005,3,50,128,500,12000
478,66,0.0005,0,500,4,0.005,3,50,128,500,12000
479,25,0.001,0,500,4,0.005,3,50,128,500,12000
480,66,0.001,0,500,4,0.005,3,50,128,500,12000
481,25,0.0005,0,250,2,0.005,3,25,256,500,12000
482,66,0.0005,0,250,2,0.005,3,25,256,500,12000
483,25,0.001,0,250,2,0.005,3,25,256,500,12000
484,66,0.001,0,250,2,0.005,3,25,256,500,12000
485,25,0.0005,0,500,2,0.005,3,25,256,500,12000
486,66,0.0005,0,500,2,0.005,3,25,256,500,12000
487,25,0.001,0,500,2,0.005,3,25,256,500,12000
488,66,0.001,0,500,2,0.005,3,25,256,500,12000
489,25,0.0005,0,250,4,0.005,3,25,256,500,12000
490,66,0.0005,0,250,4,0.005,3,25,256,500,12000
491,25,0.001,0,250,4,0.005,3,25,256,500,12000
492,66,0.001,0,250,4,0.005,3,25,256,500,12000
493,25,0.0005,0,500,4,0.005,3,25,256,500,12000
494,66,0.0005,0,500,4,0.005,3,25,256,500,12000
495,25,0.001,0,500,4,0.005,3,25,256,500,12000
496,66,0.001,0,500,4,0.005,3,25,256,500,12000
497,25,0.0005,0,250,2,0.005,3,50,256,500,12000
498,66,0.0005,0,250,2,0.005,3,50,256,500,12000
499,25,0.001,0,250,2,0.005,3,50,256,500,12000
500,66,0.001,0,250,2,0.005,3,50,256,500,12000
501,25,0.0005,0,500,2,0.005,3,50,256,500,12000
502,66,0.0005,0,500,2,0.005,3,50,256,500,12000
503,25,0.001,0,500,2,0.005,3,50,256,500,12000
504,66,0.001,0,500,2,0.005,3,50,256,500,12000
505,25,0.0005,0,250,4,0.005,3,50,256,500,12000
506,66,0.0005,0,250,4,0.005,3,50,256,500,12000
507,25,0.001,0,250,4,0.005,3,50,256,500,12000
508,66,0.001,0,250,4,0.005,3,50,256,500,12000
509,25,0.0005,0,500,4,0.005,3,50,256,500,12000
510,66,0.0005,0,500,4,0.005,3,50,256,500,12000
511,25,0.001,0,500,4,0.005,3,50,256,500,12000
512,66,0.001,0,500,4,0.005,3,50,256,500,12000
513,25,0.0005,0,250,2,0.005,3,25,128,1000,12000
514,66,0.0005,0,250,2,0.005,3,25,128,1000,12000
515,25,0.001,0,250,2,0.005,3,25,128,1000,12000
516,66,0.001,0,250,2,0.005,3,25,128,1000,12000
517,25,0.0005,0,500,2,0.005,3,25,128,1000,12000
518,66,0.0005,0,500,2,0.005,3,25,128,1000,12000
519,25,0.001,0,500,2,0.005,3,25,128,1000,12000
520,66,0.001,0,500,2,0.005,3,25,128,1000,12000
521,25,0.0005,0,250,4,0.005,3,25,128,1000,12000
522,66,0.0005,0,250,4,0.005,3,25,128,1000,12000
523,25,0.001,0,250,4,0.005,3,25,128,1000,12000
524,66,0.001,0,250,4,0.005,3,25,128,1000,12000
525,25,0.0005,0,500,4,0.005,3,25,128,1000,12000
526,66,0.0005,0,500,4,0.005,3,25,128,1000,12000
527,25,0.001,0,500,4,0.005,3,25,128,1000,12000
528,66,0.001,0,500,4,0.005,3,25,128,1000,12000
529,25,0.0005,0,250,2,0.005,3,50,128,1000,12000
530,66,0.0005,0,250,2,0.005,3,50,128,1000,12000
531,25,0.001,0,250,2,0.005,3,50,128,1000,12000
532,66,0.001,0,250,2,0.005,3,50,128,1000,12000
533,25,0.0005,0,500,2,0.005,3,50,128,1000,12000
534,66,0.0005,0,500,2,0.005,3,50,128,1000,12000
535,25,0.001,0,500,2,0.005,3,50,128,1000,12000
536,66,0.001,0,500,2,0.005,3,50,128,1000,12000
537,25,0.0005,0,250,4,0.005,3,50,128,1000,12000
538,66,0.0005,0,250,4,0.005,3,50,128,1000,12000
539,25,0.001,0,250,4,0.005,3,50,128,1000,12000
540,66,0.001,0,250,4,0.005,3,50,128,1000,12000
541,25,0.0005,0,500,4,0.005,3,50,128,1000,12000
542,66,0.0005,0,500,4,0.005,3,50,128,1000,12000
543,25,0.001,0,500,4,0.005,3,50,128,1000,12000
544,66,0.001,0,500,4,0.005,3,50,128,1000,12000
545,25,0.0005,0,250,2,0.005,3,25,256,1000,12000
546,66,0.0005,0,250,2,0.005,3,25,256,1000,12000
547,25,0.001,0,250,2,0.005,3,25,256,1000,12000
548,66,0.001,0,250,2,0.005,3,25,256,1000,12000
549,25,0.0005,0,500,2,0.005,3,25,256,1000,12000
550,66,0.0005,0,500,2,0.005,3,25,256,1000,12000
551,25,0.001,0,500,2,0.005,3,25,256,1000,12000
552,66,0.001,0,500,2,0.005,3,25,256,1000,12000
553,25,0.0005,0,250,4,0.005,3,25,256,1000,12000
554,66,0.0005,0,250,4,0.005,3,25,256,1000,12000
555,25,0.001,0,250,4,0.005,3,25,256,1000,12000
556,66,0.001,0,250,4,0.005,3,25,256,1000,12000
557,25,0.0005,0,500,4,0.005,3,25,256,1000,12000
558,66,0.0005,0,500,4,0.005,3,25,256,1000,12000
559,25,0.001,0,500,4,0.005,3,25,256,1000,12000
560,66,0.001,0,500,4,0.005,3,25,256,1000,12000
561,25,0.0005,0,250,2,0.005,3,50,256,1000,12000
562,66,0.0005,0,250,2,0.005,3,50,256,1000,12000
563,25,0.001,0,250,2,0.005,3,50,256,1000,12000
564,66,0.001,0,250,2,0.005,3,50,256,1000,12000
565,25,0.0005,0,500,2,0.005,3,50,256,1000,12000
566,66,0.0005,0,500,2,0.005,3,50,256,1000,12000
567,25,0.001,0,500,2,0.005,3,50,256,1000,12000
568,66,0.001,0,500,2,0.005,3,50,256,1000,12000
569,25,0.0005,0,250,4,0.005,3,50,256,1000,12000
570,66,0.0005,0,250,4,0.005,3,50,256,1000,12000
571,25,0.001,0,250,4,0.005,3,50,256,1000,12000
572,66,0.001,0,250,4,0.005,3,50,256,1000,12000
573,25,0.0005,0,500,4,0.005,3,50,256,1000,12000
574,66,0.0005,0,500,4,0.005,3,50,256,1000,12000
575,25,0.001,0,500,4,0.005,3,50,256,1000,12000
576,66,0.001,0,500,4,0.005,3,50,256,1000,12000
577,25,0.0005,0,250,2,0.005,3,25,128,0,24000
578,66,0.0005,0,250,2,0.005,3,25,128,0,24000
579,25,0.001,0,250,2,0.005,3,25,128,0,24000
580,66,0.001,0,250,2,0.005,3,25,128,0,24000
581,25,0.0005,0,500,2,0.005,3,25,128,0,24000
582,66,0.0005,0,500,2,0.005,3,25,128,0,24000
583,25,0.001,0,500,2,0.005,3,25,128,0,24000
584,66,0.001,0,500,2,0.005,3,25,128,0,24000
585,25,0.0005,0,250,4,0.005,3,25,128,0,24000
586,66,0.0005,0,250,4,0.005,3,25,128,0,24000
587,25,0.001,0,250,4,0.005,3,25,128,0,24000
588,66,0.001,0,250,4,0.005,3,25,128,0,24000
589,25,0.0005,0,500,4,0.005,3,25,128,0,24000
590,66,0.0005,0,500,4,0.005,3,25,128,0,24000
591,25,0.001,0,500,4,0.005,3,25,128,0,24000
592,66,0.001,0,500,4,0.005,3,25,128,0,24000
593,25,0.0005,0,250,2,0.005,3,50,128,0,24000
594,66,0.0005,0,250,2,0.005,3,50,128,0,24000
595,25,0.001,0,250,2,0.005,3,50,128,0,24000
596,66,0.001,0,250,2,0.005,3,50,128,0,24000
597,25,0.0005,0,500,2,0.005,3,50,128,0,24000
598,66,0.0005,0,500,2,0.005,3,50,128,0,24000
599,25,0.001,0,500,2,0.005,3,50,128,0,24000
600,66,0.001,0,500,2,0.005,3,50,128,0,24000
601,25,0.0005,0,250,4,0.005,3,50,128,0,24000
602,66,0.0005,0,250,4,0.005,3,50,128,0,24000
603,25,0.001,0,250,4,0.005,3,50,128,0,24000
604,66,0.001,0,250,4,0.005,3,50,128,0,24000
605,25,0.0005,0,500,4,0.005,3,50,128,0,24000
606,66,0.0005,0,500,4,0.005,3,50,128,0,24000
607,25,0.001,0,500,4,0.005,3,50,128,0,24000
608,66,0.001,0,500,4,0.005,3,50,128,0,24000
609,25,0.0005,0,250,2,0.005,3,25,256,0,24000
610,66,0.0005,0,250,2,0.005,3,25,256,0,24000
611,25,0.001,0,250,2,0.005,3,25,256,0,24000
612,66,0.001,0,250,2,0.005,3,25,256,0,24000
613,25,0.0005,0,500,2,0.005,3,25,256,0,24000
614,66,0.0005,0,500,2,0.005,3,25,256,0,24000
615,25,0.001,0,500,2,0.005,3,25,256,0,24000
616,66,0.001,0,500,2,0.005,3,25,256,0,24000
617,25,0.0005,0,250,4,0.005,3,25,256,0,24000
618,66,0.0005,0,250,4,0.005,3,25,256,0,24000
619,25,0.001,0,250,4,0.005,3,25,256,0,24000
620,66,0.001,0,250,4,0.005,3,25,256,0,24000
621,25,0.0005,0,500,4,0.005,3,25,256,0,24000
622,66,0.0005,0,500,4,0.005,3,25,256,0,24000
623,25,0.001,0,500,4,0.005,3,25,256,0,24000
624,66,0.001,0,500,4,0.005,3,25,256,0,24000
625,25,0.0005,0,250,2,0.005,3,50,256,0,24000
626,66,0.0005,0,250,2,0.005,3,50,256,0,24000
627,25,0.001,0,250,2,0.005,3,50,256,0,24000
628,66,0.001,0,250,2,0.005,3,50,256,0,24000
629,25,0.0005,0,500,2,0.005,3,50,256,0,24000
630,66,0.0005,0,500,2,0.005,3,50,256,0,24000
631,25,0.001,0,500,2,0.005,3,50,256,0,24000
632,66,0.001,0,500,2,0.005,3,50,256,0,24000
633,25,0.0005,0,250,4,0.005,3,50,256,0,24000
634,66,0.0005,0,250,4,0.005,3,50,256,0,24000
635,25,0.001,0,250,4,0.005,3,50,256,0,24000
636,66,0.001,0,250,4,0.005,3,50,256,0,24000
637,25,0.0005,0,500,4,0.005,3,50,256,0,24000
638,66,0.0005,0,500,4,0.005,3,50,256,0,24000
639,25,0.001,0,500,4,0.005,3,50,256,0,24000
640,66,0.001,0,500,4,0.005,3,50,256,0,24000
641,25,0.0005,0,250,2,0.005,3,25,128,500,24000
642,66,0.0005,0,250,2,0.005,3,25,128,500,24000
643,25,0.001,0,250,2,0.005,3,25,128,500,24000
644,66,0.001,0,250,2,0.005,3,25,128,500,24000
645,25,0.0005,0,500,2,0.005,3,25,128,500,24000
646,66,0.0005,0,500,2,0.005,3,25,128,500,24000
647,25,0.001,0,500,2,0.005,3,25,128,500,24000
648,66,0.001,0,500,2,0.005,3,25,128,500,24000
649,25,0.0005,0,250,4,0.005,3,25,128,500,24000
650,66,0.0005,0,250,4,0.005,3,25,128,500,24000
651,25,0.001,0,250,4,0.005,3,25,128,500,24000
652,66,0.001,0,250,4,0.005,3,25,128,500,24000
653,25,0.0005,0,500,4,0.005,3,25,128,500,24000
654,66,0.0005,0,500,4,0.005,3,25,128,500,24000
655,25,0.001,0,500,4,0.005,3,25,128,500,24000
656,66,0.001,0,500,4,0.005,3,25,128,500,24000
657,25,0.0005,0,250,2,0.005,3,50,128,500,24000
658,66,0.0005,0,250,2,0.005,3,50,128,500,24000
659,25,0.001,0,250,2,0.005,3,50,128,500,24000
660,66,0.001,0,250,2,0.005,3,50,128,500,24000
661,25,0.0005,0,500,2,0.005,3,50,128,500,24000
662,66,0.0005,0,500,2,0.005,3,50,128,500,24000
663,25,0.001,0,500,2,0.005,3,50,128,500,24000
664,66,0.001,0,500,2,0.005,3,50,128,500,24000
665,25,0.0005,0,250,4,0.005,3,50,128,500,24000
666,66,0.0005,0,250,4,0.005,3,50,128,500,24000
667,25,0.001,0,250,4,0.005,3,50,128,500,24000
668,66,0.001,0,250,4,0.005,3,50,128,500,24000
669,25,0.0005,0,500,4,0.005,3,50,128,500,24000
670,66,0.0005,0,500,4,0.005,3,50,128,500,24000
671,25,0.001,0,500,4,0.005,3,50,128,500,24000
672,66,0.001,0,500,4,0.005,3,50,128,500,24000
673,25,0.0005,0,250,2,0.005,3,25,256,500,24000
674,66,0.0005,0,250,2,0.005,3,25,256,500,24000
675,25,0.001,0,250,2,0.005,3,25,256,500,24000
676,66,0.001,0,250,2,0.005,3,25,256,500,24000
677,25,0.0005,0,500,2,0.005,3,25,256,500,24000
678,66,0.0005,0,500,2,0.005,3,25,256,500,24000
679,25,0.001,0,500,2,0.005,3,25,256,500,24000
680,66,0.001,0,500,2,0.005,3,25,256,500,24000
681,25,0.0005,0,250,4,0.005,3,25,256,500,24000
682,66,0.0005,0,250,4,0.005,3,25,256,500,24000
683,25,0.001,0,250,4,0.005,3,25,256,500,24000
684,66,0.001,0,250,4,0.005,3,25,256,500,24000
685,25,0.0005,0,500,4,0.005,3,25,256,500,24000
686,66,0.0005,0,500,4,0.005,3,25,256,500,24000
687,25,0.001,0,500,4,0.005,3,25,256,500,24000
688,66,0.001,0,500,4,0.005,3,25,256,500,24000
689,25,0.0005,0,250,2,0.005,3,50,256,500,24000
690,66,0.0005,0,250,2,0.005,3,50,256,500,24000
691,25,0.001,0,250,2,0.005,3,50,256,500,24000
692,66,0.001,0,250,2,0.005,3,50,256,500,24000
693,25,0.0005,0,500,2,0.005,3,50,256,500,24000
694,66,0.0005,0,500,2,0.005,3,50,256,500,24000
695,25,0.001,0,500,2,0.005,3,50,256,500,24000
696,66,0.001,0,500,2,0.005,3,50,256,500,24000
697,25,0.0005,0,250,4,0.005,3,50,256,500,24000
698,66,0.0005,0,250,4,0.005,3,50,256,500,24000
699,25,0.001,0,250,4,0.005,3,50,256,500,24000
700,66,0.001,0,250,4,0.005,3,50,256,500,24000
701,25,0.0005,0,500,4,0.005,3,50,256,500,24000
702,66,0.0005,0,500,4,0.005,3,50,256,500,24000
703,25,0.001,0,500,4,0.005,3,50,256,500,24000
704,66,0.001,0,500,4,0.005,3,50,256,500,24000
705,25,0.0005,0,250,2,0.005,3,25,128,1000,24000
706,66,0.0005,0,250,2,0.005,3,25,128,1000,24000
707,25,0.001,0,250,2,0.005,3,25,128,1000,24000
708,66,0.001,0,250,2,0.005,3,25,128,1000,24000
709,25,0.0005,0,500,2,0.005,3,25,128,1000,24000
710,66,0.0005,0,500,2,0.005,3,25,128,1000,24000
711,25,0.001,0,500,2,0.005,3,25,128,1000,24000
712,66,0.001,0,500,2,0.005,3,25,128,1000,24000
713,25,0.0005,0,250,4,0.005,3,25,128,1000,24000
714,66,0.0005,0,250,4,0.005,3,25,128,1000,24000
715,25,0.001,0,250,4,0.005,3,25,128,1000,24000
716,66,0.001,0,250,4,0.005,3,25,128,1000,24000
717,25,0.0005,0,500,4,0.005,3,25,128,1000,24000
718,66,0.0005,0,500,4,0.005,3,25,128,1000,24000
719,25,0.001,0,500,4,0.005,3,25,128,1000,24000
720,66,0.001,0,500,4,0.005,3,25,128,1000,24000
721,25,0.0005,0,250,2,0.005,3,50,128,1000,24000
722,66,0.0005,0,250,2,0.005,3,50,128,1000,24000
723,25,0.001,0,250,2,0.005,3,50,128,1000,24000
724,66,0.001,0,250,2,0.005,3,50,128,1000,24000
725,25,0.0005,0,500,2,0.005,3,50,128,1000,24000
726,66,0.0005,0,500,2,0.005,3,50,128,1000,24000
727,25,0.001,0,500,2,0.005,3,50,128,1000,24000
728,66,0.001,0,500,2,0.005,3,50,128,1000,24000
729,25,0.0005,0,250,4,0.005,3,50,128,1000,24000
730,66,0.0005,0,250,4,0.005,3,50,128,1000,24000
731,25,0.001,0,250,4,0.005,3,50,128,1000,24000
732,66,0.001,0,250,4,0.005,3,50,128,1000,24000
733,25,0.0005,0,500,4,0.005,3,50,128,1000,24000
734,66,0.0005,0,500,4,0.005,3,50,128,1000,24000
735,25,0.001,0,500,4,0.005,3,50,128,1000,24000
736,66,0.001,0,500,4,0.005,3,50,128,1000,24000
737,25,0.0005,0,250,2,0.005,3,25,256,1000,24000
738,66,0.0005,0,250,2,0.005,3,25,256,1000,24000
739,25,0.001,0,250,2,0.005,3,25,256,1000,24000
740,66,0.001,0,250,2,0.005,3,25,256,1000,24000
741,25,0.0005,0,500,2,0.005,3,25,256,1000,24000
742,66,0.0005,0,500,2,0.005,3,25,256,1000,24000
743,25,0.001,0,500,2,0.005,3,25,256,1000,24000
744,66,0.001,0,500,2,0.005,3,25,256,1000,24000
745,25,0.0005,0,250,4,0.005,3,25,256,1000,24000
746,66,0.0005,0,250,4,0.005,3,25,256,1000,24000
747,25,0.001,0,250,4,0.005,3,25,256,1000,24000
748,66,0.001,0,250,4,0.005,3,25,256,1000,24000
749,25,0.0005,0,500,4,0.005,3,25,256,1000,24000
750,66,0.0005,0,500,4,0.005,3,25,256,1000,24000
751,25,0.001,0,500,4,0.005,3,25,256,1000,24000
752,66,0.001,0,500,4,0.005,3,25,256,1000,24000
753,25,0.0005,0,250,2,0.005,3,50,256,1000,24000
754,66,0.0005,0,250,2,0.005,3,50,256,1000,24000
755,25,0.001,0,250,2,0.005,3,50,256,1000,24000
756,66,0.001,0,250,2,0.005,3,50,256,1000,24000
757,25,0.0005,0,500,2,0.005,3,50,256,1000,24000
758,66,0.0005,0,500,2,0.005,3,50,256,1000,24000
759,25,0.001,0,500,2,0.005,3,50,256,1000,24000
760,66,0.001,0,500,2,0.005,3,50,256,1000,24000
761,25,0.0005,0,250,4,0.005,3,50,256,1000,24000
762,66,0.0005,0,250,4,0.005,3,50,256,1000,24000
763,25,0.001,0,250,4,0.005,3,50,256,1000,24000
764,66,0.001,0,250,4,0.005,3,50,256,1000,24000
765,25,0.0005,0,500,4,0.005,3,50,256,1000,24000
766,66,0.0005,0,500,4,0.005,3,50,256,1000,24000
767,25,0.001,0,500,4,0.005,3,50,256,1000,24000
768,66,0.001,0,500,4,0.005,3,50,256,1000,24000
